status,uri,time
200,/bump,0.0226
200,/bump,0.0241
200,/bump,0.0287
200,/bump,0.0308
200,/bump,0.0336
200,/bump,0.0369
200,/bump,0.0378
200,/bump,0.0472
200,/bump,0.0554
200,/bump,0.0665
200,/bump,0.0670
200,/buy,0.0172
200,/buy,0.0242
200,/buy,0.0666
200,/buy,1.5866
200,/buy,1.5884
200,/buy,1.5980
200,/buy,1.6125
200,/buy,1.6197
200,/buy,1.6234
200,/buy,1.6396
200,/buy,1.6478
200,/buy,1.6624
200,/complete,0.0221
200,/complete,0.0316
200,/complete,0.0319
200,/complete,0.8036
200,/complete,0.8188
200,/complete,0.8209
200,/complete,0.8287
200,/complete,0.8329
200,/complete,0.8745
200,/initialize,8.0118
200,/items/000,0.0333
200,/items/000,0.0197
200,/items/000,0.0319
200,/items/000,0.0176
200,/items/000,0.0215
200,/items/000,0.0269
200,/items/000,0.0447
200,/items/000,0.0193
200,/items/000,0.0050
200,/items/000,0.0180
200,/items/000,0.0354
200,/items/000,0.0224
200,/items/000,0.0225
200,/items/000,0.0258
200,/items/000,0.0696
200,/items/000,0.0253
200,/items/000,0.0471
200,/items/000,0.0086
200,/items/000,0.0255
200,/items/000,0.0239
200,/items/000,0.0260
200,/items/000,0.0194
200,/items/000,0.0596
200,/items/000,0.0194
200,/items/000,0.0099
200,/items/000,0.0119
200,/items/000,0.0255
200,/items/000,0.0604
200,/items/000,0.0460
200,/items/000,0.0456
200,/items/000,0.0349
200,/items/000,0.0433
200,/items/000,0.0232
200,/items/000,0.0414
200,/items/000,0.0555
200,/items/000,0.0244
200,/items/000,0.0189
200,/items/000,0.0288
200,/items/000,0.0144
200,/items/000,0.0353
200,/items/000,0.0240
200,/items/000,0.0263
200,/items/000,0.0241
200,/items/000,0.0299
200,/items/000,0.0100
200,/items/000,0.0313
200,/items/000,0.0403
200,/items/000,0.0209
200,/items/000,0.0246
200,/items/000,0.0558
200,/items/000,0.0325
200,/items/000,0.0505
200,/items/000,0.0253
200,/items/000,0.0223
200,/items/000,0.0812
200,/items/000,0.0197
200,/items/000,0.0357
200,/items/000,0.0235
200,/items/000,0.1166
200,/items/000,0.0248
200,/items/000,0.0408
200,/items/000,0.0197
200,/items/000,0.0356
200,/items/000,0.0245
200,/items/000,0.0323
200,/items/000,0.0244
200,/items/000,0.0447
200,/items/000,0.0250
200,/items/000,0.0459
200,/items/000,0.0203
200,/items/000,0.0156
200,/items/000,0.0102
200,/items/000,0.0339
200,/items/000,0.0206
200,/items/000,0.0164
200,/items/000,0.0132
200,/items/000,0.0170
200,/items/000,0.0476
200,/items/000,0.0130
200,/items/000,0.0098
200,/items/000,0.0097
200,/items/000,0.0371
200,/items/000,0.0255
200,/items/000,0.0191
200,/items/000,0.0470
200,/items/000,0.0256
200,/items/000,0.0165
200,/items/000,0.0439
200,/items/000,0.0344
200,/items/000,0.0174
200,/items/000,0.0152
200,/items/000,0.0335
200,/items/000,0.0189
200,/items/000,0.0358
200,/items/000,0.0242
200,/items/000,0.0261
200,/items/000,0.0206
200,/items/000,0.0138
200,/items/000,0.0290
200,/items/000,0.0204
200,/items/000,0.0313
200,/items/000,0.0605
200,/items/000,0.0300
200,/items/000,0.0255
200,/items/000,0.0481
200,/items/000,0.0174
200,/items/000,0.0263
200,/items/000,0.0225
200,/items/000,0.1345
200,/items/000,0.0399
200,/items/000,0.0331
200,/items/000,0.0185
200,/items/000,0.0303
200,/items/000,0.0206
200,/items/000,0.0182
200,/items/000,0.0454
200,/items/000,0.0116
200,/items/000,0.0341
200,/items/000,0.0570
200,/items/000,0.0228
200,/items/000,0.0192
200,/items/000,0.0302
200,/items/000,0.0278
200,/items/000,0.0213
200,/items/000,0.0466
200,/items/000,0.0092
200,/items/000,0.0255
200,/items/000,0.0237
200,/items/000,0.0127
200,/items/000,0.0201
200,/items/000,0.0335
200,/items/000,0.0490
200,/items/000,0.0178
200,/items/000,0.0308
200,/items/000,0.0195
200,/items/000,0.0537
200,/items/000,0.0579
200,/items/000,0.0296
200,/items/000,0.0798
200,/items/000,0.0307
200,/items/000,0.0235
200,/items/000,0.0372
200,/items/000,0.0212
200,/items/000,0.0403
200,/items/000,0.0330
200,/items/000,0.0199
200,/items/000,0.0313
200,/items/000,0.0206
200,/items/000,0.0255
200,/items/000,0.0243
200,/items/000,0.0318
200,/items/000,0.0232
200,/items/000,0.0258
200,/items/000,0.0294
200,/items/000,0.0187
200,/items/000,0.0287
200,/items/000,0.0257
200,/items/000,0.0207
200,/items/000,0.0319
200,/items/000,0.0290
200,/items/000,0.0232
200,/items/000,0.0371
200,/items/000,0.0459
200,/items/000,0.0274
200,/items/000,0.0327
200,/items/000,0.0112
200,/items/000,0.0236
200,/items/000,0.0408
200,/items/000,0.0411
200,/items/000,0.0183
200,/items/000,0.0246
200,/items/000,0.0220
200,/items/000,0.0463
200,/items/000,0.0257
200,/items/000,0.0191
200,/items/000,0.0259
200,/items/000,0.0199
200,/items/000,0.0243
200,/items/000,0.0161
200,/items/000,0.0168
200,/items/000,0.0212
200,/items/000,0.0150
200,/items/000,0.0392
200,/items/000,0.0248
200,/items/000,0.0208
200,/items/000,0.0359
200,/items/000,0.0197
200,/items/000,0.0272
200,/items/000,0.0448
200,/items/000,0.0400
200,/items/000,0.0282
200,/items/000,0.0205
200,/items/000,0.0164
200,/items/000,0.0316
200,/items/000,0.0208
200,/items/000,0.0448
200,/items/000,0.0272
200,/items/000,0.0190
200,/items/000,0.0255
200,/items/000,0.0103
200,/items/000,0.0287
200,/items/000,0.0288
200,/items/000,0.0211
200,/items/000,0.0400
200,/items/000,0.0497
200,/items/000,0.0301
200,/items/000,0.0331
200,/items/000,0.0356
200,/items/000,0.0263
200,/items/000,0.0219
200,/items/000,0.0451
200,/items/000,0.0303
200,/items/000,0.0175
200,/items/000,0.0130
200,/items/000,0.0232
200,/items/000,0.0120
200,/items/000,0.0337
200,/items/000,0.0312
200,/items/000,0.0226
200,/items/000,0.0154
200,/items/000,0.0336
200,/items/000,0.0312
200,/items/000,0.0205
200,/items/000,0.0255
200,/items/000,0.0409
200,/items/000,0.0272
200,/items/000,0.0317
200,/items/000,0.0557
200,/items/000,0.0170
200,/items/000,0.0205
200,/items/000,0.0732
200,/items/000,0.0214
200,/items/000,0.0637
200,/items/000,0.0592
200,/items/000,0.0224
200,/items/000,0.0229
200,/items/000,0.0239
200,/items/000,0.0530
200,/items/000,0.0164
200,/items/000,0.0177
200,/items/000,0.0185
200,/items/000,0.0244
200,/items/000,0.0085
200,/items/000,0.0245
200,/items/000,0.0295
200,/items/000,0.0371
200,/items/000,0.0195
200,/items/000,0.0436
200,/items/000,0.0239
200,/items/000,0.0172
200,/items/000,0.0585
200,/items/000,0.0133
200,/items/000,0.0187
200,/items/000,0.0221
200,/items/000,0.0221
200,/items/000,0.0460
200,/items/000,0.0433
200,/items/000,0.0188
200,/items/000,0.0184
200,/items/000,0.0184
200,/items/000,0.0175
200,/items/000,0.0104
200,/items/000,0.0123
200,/items/000,0.0231
200,/items/000,0.0331
200,/items/000,0.0181
200,/items/000,0.0111
200,/items/000,0.0227
200,/items/000,0.0278
200,/items/000,0.0200
200,/items/000,0.0276
200,/items/000,0.0222
200,/items/000,0.0190
200,/items/000,0.0314
200,/items/000,0.0485
200,/items/000,0.0162
200,/items/000,0.0404
200,/items/000,0.0369
200,/items/000,0.0162
200,/items/000,0.0534
200,/items/000,0.0266
200,/items/000,0.0226
200,/items/000,0.0286
200,/items/000,0.0314
200,/items/000,0.0248
200,/items/000,0.0294
200,/items/000,0.0192
200,/items/000,0.0236
200,/items/000,0.0206
200,/items/000,0.0230
200,/items/000,0.0227
200,/items/000,0.0301
200,/items/000,0.0328
200,/items/000,0.0327
200,/items/000,0.0144
200,/items/000,0.0260
200,/items/000,0.0357
200,/items/000,0.0658
200,/items/000,0.0249
200,/items/000,0.0168
200,/items/000,0.0179
200,/items/000,0.0400
200,/items/000,0.0189
200,/items/000,0.0400
200,/items/000,0.0259
200,/items/000,0.0246
200,/items/000,0.0310
200,/items/000,0.0224
200,/items/000,0.0172
200,/items/000,0.0139
200,/items/000,0.0588
200,/items/000,0.0193
200,/items/000,0.0280
200,/items/000,0.0194
200,/items/000,0.0211
200,/items/000,0.0441
200,/items/000,0.0307
200,/items/000,0.0235
200,/items/000,0.0461
200,/items/000,0.0450
200,/items/000,0.0318
200,/items/000,0.0355
200,/items/000,0.0195
200,/items/000,0.0263
200,/items/000,0.0218
200,/items/000,0.0362
200,/items/000,0.0209
200,/items/000,0.0597
200,/items/000,0.0402
200,/items/000,0.0333
200,/items/000,0.0248
200,/items/000,0.0248
200,/items/000,0.0730
200,/items/000,0.0254
200,/items/000,0.0194
200,/items/000,0.0318
200,/items/000,0.1468
200,/items/000,0.0233
200,/items/000,0.0320
200,/items/000,0.0200
200,/items/000,0.0214
200,/items/000,0.0242
200,/items/000,0.0251
200,/items/000,0.0673
200,/items/000,0.0192
200,/items/000,0.1392
200,/items/000,0.0188
200,/items/000,0.0288
200,/items/000,0.0124
200,/items/000,0.0230
200,/items/000,0.0212
200,/items/000,0.0275
200,/items/000,0.0189
200,/items/000,0.0528
200,/items/000,0.0096
200,/items/000,0.0128
200,/items/000,0.0326
200,/items/000,0.0224
200,/items/000,0.0251
200,/items/000,0.0665
200,/items/000,0.0149
200,/items/000,0.0203
200,/items/000,0.0221
200,/items/000,0.0309
200,/items/000,0.0190
200,/items/000,0.0225
200,/items/000,0.0290
200,/items/000,0.0343
200,/items/000,0.0252
200,/items/000,0.0282
200,/items/000,0.0214
200,/items/000,0.0335
200,/items/000,0.0073
200,/items/000,0.0193
200,/items/000,0.0151
200,/items/000,0.0267
200,/items/000,0.0172
200,/items/000,0.0436
200,/items/000,0.0259
200,/items/000,0.0324
200,/items/000,0.0223
200,/items/000,0.0547
200,/items/000,0.0328
200,/items/000,0.0148
200,/items/000,0.0271
200,/items/000,0.0191
200,/items/000,0.0208
200,/items/000,0.0352
200,/items/000,0.0232
200,/items/000,0.0237
200,/items/000,0.0398
200,/items/000,0.0147
200,/items/000,0.0174
200,/items/000,0.0188
200,/items/000,0.0115
200,/items/000,0.0181
200,/items/000,0.0152
200,/items/000,0.0171
200,/items/000,0.0243
200,/items/000,0.0462
200,/items/000,0.0162
200,/items/000,0.0239
200,/items/000,0.0294
200,/items/000,0.0280
200,/items/000,0.0411
200,/items/000,0.0345
200,/items/000,0.0176
200,/items/000,0.0191
200,/items/000,0.0237
200,/items/000,0.0202
200,/items/000,0.0089
200,/items/000,0.0279
200,/items/000,0.0173
200,/items/000,0.0199
200,/items/000,0.0206
200,/items/000,0.0608
200,/items/000,0.0320
200,/items/000,0.0083
200,/items/000,0.0384
200,/items/000,0.0324
200,/items/000,0.0246
200,/items/000,0.0164
200,/items/000,0.0164
200,/items/000,0.0125
200,/items/000,0.0317
200,/items/000,0.0137
200,/items/000,0.0196
200,/items/000,0.0286
200,/items/000,0.0255
200,/items/000,0.0318
200,/items/000,0.0313
200,/items/000,0.0188
200,/items/000,0.0246
200,/items/000,0.0062
200,/items/000,0.0344
200,/items/000,0.0198
200,/items/000,0.0236
200,/items/000,0.0181
200,/items/000,0.0348
200,/items/000,0.0518
200,/items/000,0.0145
200,/items/000,0.0152
200,/items/000,0.0362
200,/items/000,0.0208
200,/items/000,0.0382
200,/items/000,0.0318
200,/items/000,0.0254
200,/items/000,0.0165
200,/items/000,0.0090
200,/items/000,0.0193
200,/items/000,0.0118
200,/items/000,0.0188
200,/items/000,0.0293
200,/items/000,0.0222
200,/items/000,0.0134
200,/items/000,0.0281
200,/items/000,0.0152
200,/items/000,0.1394
200,/items/000,0.0212
200,/items/000,0.0248
200,/items/000,0.0160
200,/items/000,0.0206
200,/items/000,0.0234
200,/items/000,0.0553
200,/items/000,0.0289
200,/items/000,0.0214
200,/items/000,0.0239
200,/items/000,0.0124
200,/items/000,0.0168
200,/items/000,0.0289
200,/items/000,0.0245
200,/items/000,0.0387
200,/items/000,0.0181
200,/items/000,0.0545
200,/items/000,0.0401
200,/items/000,0.0270
200,/items/000,0.0112
200,/items/000,0.0173
200,/items/000,0.0264
200,/items/000,0.0243
200,/items/000,0.0260
200,/items/000,0.0164
200,/items/000,0.0273
200,/items/000,0.0281
200,/items/000,0.0313
200,/items/000,0.0545
200,/items/000,0.0171
200,/items/000,0.0048
200,/items/000,0.0349
200,/items/000,0.0406
200,/items/000,0.0128
200,/items/000,0.0235
200,/items/000,0.0220
200,/items/000,0.0261
200,/items/000,0.0417
200,/items/000,0.0505
200,/items/000,0.0227
200,/items/000,0.0226
200,/items/000,0.0122
200,/items/000,0.0198
200,/items/000,0.0165
200,/items/000,0.0182
200,/items/000,0.0413
200,/items/000,0.0164
200,/items/000,0.0185
200,/items/000,0.0545
200,/items/000,0.0097
200,/items/000,0.0200
200,/items/000,0.0219
200,/items/000,0.0292
200,/items/000,0.0223
200,/items/000,0.0092
200,/items/000,0.0156
200,/items/000,0.0164
200,/items/000,0.0461
200,/items/000,0.0214
200,/items/000,0.0292
200,/items/000,0.0103
200,/items/000,0.0129
200,/items/000,0.0171
200,/items/000,0.0197
200,/items/000,0.0140
200,/items/000,0.0213
200,/items/000,0.0126
200,/items/000,0.0161
200,/items/000,0.0266
200,/items/000,0.0169
200,/items/000,0.0149
200,/items/000,0.0109
200,/items/000,0.0114
200,/items/000,0.0462
200,/items/000,0.0195
200,/items/000,0.0168
200,/items/000,0.0295
200,/items/000,0.0471
200,/items/000,0.0157
200,/items/000,0.0341
200,/items/000,0.0487
200,/items/000,0.0272
200,/items/000,0.0125
200,/items/000,0.0284
200,/items/000,0.0235
200,/items/000,0.0467
200,/items/000,0.0136
200,/items/000,0.0224
200,/items/000,0.0284
200,/items/000,0.0205
200,/items/000,0.0487
200,/items/000,0.0133
200,/items/000,0.0187
200,/items/000,0.0107
200,/items/000,0.0952
200,/items/000,0.0050
200,/items/000,0.0219
200,/items/000,0.0084
200,/items/000,0.0875
200,/items/000,0.0220
200,/items/000,0.0346
200,/items/000,0.0544
200,/items/000,0.0251
200,/items/000,0.0148
200,/items/000,0.0160
200,/items/000,0.0180
200,/items/000,0.0173
200,/items/000,0.0192
200,/items/000,0.0252
200,/items/000,0.0293
200,/items/000,0.0208
200,/items/000,0.0107
200,/items/000,0.0277
200,/items/000,0.0215
200,/items/000,0.0213
200,/items/000,0.0232
200,/items/000,0.0136
200,/items/000,0.0107
200,/items/000,0.0236
200,/items/000,0.0187
200,/items/000,0.0146
200,/items/000,0.0224
200,/items/000,0.0220
200,/items/000,0.0254
200,/items/000,0.0117
200,/items/000,0.0363
200,/items/000,0.0131
200,/items/000,0.0202
200,/items/000,0.0166
200,/items/000,0.0173
200,/items/000,0.0136
200,/items/000,0.0121
200,/items/000,0.0199
200,/items/000,0.0222
200,/items/000,0.0074
200,/items/000,0.0255
200,/items/000,0.0265
200,/items/000,0.0186
200,/items/000,0.0166
200,/items/000,0.0152
200,/items/000,0.0184
200,/items/000,0.0225
200,/items/000,0.0105
200,/items/000,0.0202
200,/items/000,0.0160
200,/items/000,0.0299
200,/items/000,0.0131
200,/items/000,0.0171
200,/items/000,0.0225
200,/items/000,0.0225
200,/items/000,-0.0131
200,/items/000,0.0183
200,/items/000,0.0124
200,/items/000,0.0078
200,/items/000,0.0199
200,/items/000,0.0223
200,/items/000,0.0353
200,/items/000,0.0486
200,/items/000,0.0307
200,/items/000,0.0175
200,/items/000,0.0077
200,/items/000,0.0226
200,/items/000,0.0331
200,/items/000,0.0226
200,/items/000,0.0285
200,/items/000,0.0225
200,/items/000,0.0165
200,/items/000,0.1047
200,/items/000,0.0103
200,/items/000,0.0307
200,/items/000,0.0134
200,/items/000,0.0216
200,/items/000,0.0536
200,/items/000,0.0153
200,/items/000,0.0164
200,/items/000,0.0192
200,/items/000,0.0389
200,/items/000,0.0481
200,/items/000,0.0506
200,/items/000,0.0995
200,/items/000,0.0160
200,/items/000,0.0419
200,/items/000,0.0163
200,/items/000,0.0122
200,/items/000,0.0218
200,/items/000,0.0245
200,/items/000,0.0187
200,/items/000,0.0094
200,/items/000,0.0147
200,/items/000,0.0198
200,/items/000,0.0256
200,/items/000,0.0364
200,/items/000,0.0114
200,/items/000,0.0152
200,/items/000,0.0173
200,/items/000,0.0518
200,/items/000,0.0164
200,/items/000,0.0233
200,/items/000,0.0108
200,/items/000,0.0158
200,/items/000,0.0413
200,/items/000,0.0318
200,/items/000,0.0256
200,/items/000,0.0131
200,/items/000,0.0186
200,/items/000,0.0242
200,/items/000,0.0255
200,/items/000,0.0181
200,/items/000,0.0179
200,/items/000,0.0414
200,/items/000,0.0108
200,/items/000,0.0237
200,/items/000,0.0132
200,/items/000,0.0155
200,/items/000,0.0129
200,/items/000,0.0216
200,/items/000,0.0375
200,/items/000,0.0234
200,/items/000,0.0185
200,/items/000,0.0198
200,/items/000,0.0260
200,/items/000,0.0353
200,/items/000,0.0155
200,/items/000,0.0330
200,/items/000,0.0163
200,/items/000,0.0168
200,/items/000,0.0134
200,/items/000,0.0225
200,/items/000,0.0514
200,/items/000,0.0203
200,/items/000,0.0375
200,/items/000,0.0160
200,/items/000,0.0200
200,/items/000,0.0168
200,/items/000,0.0219
200,/items/000,0.1487
200,/items/000,0.0266
200,/items/000,0.0226
200,/items/000,0.0216
200,/items/000,0.0256
200,/items/000,0.0227
200,/items/000,0.0159
200,/items/000,0.0330
200,/items/000,0.0163
200,/items/000,0.0165
200,/items/000,0.0204
200,/items/000,0.0319
200,/items/000,0.0273
200,/items/000,0.0411
200,/items/000,0.0250
200,/items/000,0.0122
200,/items/000,0.0305
200,/items/000,0.3975
200,/items/000,0.0176
200,/items/000,0.0090
200,/items/000,0.0192
200,/items/000,0.0362
200,/items/000,0.0372
200,/items/000,0.0176
200,/items/000,0.0299
200,/items/000,0.0171
200,/items/000,0.0212
200,/items/000,0.0218
200,/items/000,0.1279
200,/items/000,0.0186
200,/items/000,0.0367
200,/items/000,0.0221
200,/items/000,0.0173
200,/items/000,0.0265
200,/items/000,0.0146
200,/items/000,0.0166
200,/items/000,0.0623
200,/items/000,0.0200
200,/items/000,0.0185
200,/items/000,0.0241
200,/items/000,0.0182
200,/items/000,0.0207
200,/items/000,0.0229
200,/items/000,0.0095
200,/items/000,0.0181
200,/items/000,0.0162
200,/items/000,0.0162
200,/items/000,0.0164
200,/items/000,0.0186
200,/items/000,0.0280
200,/items/000,0.0146
200,/items/000,0.0244
200,/items/000,0.0276
200,/items/000,0.0556
200,/items/000,0.0060
200,/items/000,0.0160
200,/items/000,0.0470
200,/items/000,0.0483
200,/items/000,0.0183
200,/items/000,0.0186
200,/items/000,0.0471
200,/items/000,0.0167
200,/items/000,0.0098
200,/items/000,0.0148
200,/items/000,0.0104
200,/items/000,0.0235
200,/items/000,0.0291
200,/items/000,0.0552
200,/items/000,0.0153
200,/items/000,0.0129
200,/items/000,0.0175
200,/items/000,0.0155
200,/items/000,0.0124
200,/items/000,0.0130
200,/items/000,0.0131
200,/items/000,0.0135
200,/items/000,0.0153
200,/items/000,0.0157
200,/items/000,0.0246
200,/items/000,0.0412
200,/items/000,0.0450
200,/items/000,0.0135
200,/items/000,0.0053
200,/items/000,0.0064
200,/items/000,0.0090
200,/items/000,0.0099
200,/items/000,0.0102
200,/items/000,0.0105
200,/items/000,0.0124
200,/items/000,0.0156
200,/items/000,0.0219
200,/items/000,0.0082
200,/items/000,0.0086
200,/items/000,0.0096
200,/items/000,0.0110
200,/items/000,0.0148
200,/items/000,0.0189
200,/items/000,0.0287
200,/items/000,0.0492
200,/items/000,0.0532
200,/items/000,0.0549
200,/items/000,0.0121
200,/items/000,0.0130
200,/items/000,0.0135
200,/items/000,0.0155
200,/items/000,0.0162
200,/items/000,0.0202
200,/items/000,0.0266
200,/items/000,0.0269
200,/items/000,0.1734
200,/items/000,0.0318
200,/items/000,0.0747
200,/items/000,0.0113
200,/items/000,0.0127
200,/items/000,0.0130
200,/items/000,0.0135
200,/items/000,0.0136
200,/items/000,0.0163
200,/items/000,0.0272
200,/items/000,0.0381
200,/items/000,0.0109
200,/items/000,0.0147
200,/items/000,0.0176
200,/items/000,0.0217
200,/items/000,0.0319
200,/items/000,0.0381
200,/items/000,0.0466
200,/items/000,0.1052
200,/items/000,0.0084
200,/items/000,0.0119
200,/items/000,0.0130
200,/items/000,0.0156
200,/items/000,0.0308
200,/items/000,0.0317
200,/items/000,0.0394
200,/items/000,0.0568
200,/items/000,0.0205
200,/items/000,0.0202
200,/items/000,0.0103
200,/items/000,0.0160
200,/items/000,0.0241
200,/items/000,0.0283
200,/items/000,0.0182
200,/items/000,0.0371
200,/items/000,0.0439
200,/items/000,0.0145
200,/items/000,0.0229
200,/items/000,0.0396
200,/items/000,0.0176
200,/items/000,0.0193
200,/items/000,0.0298
200,/items/000,0.0216
200,/items/000,0.0366
200,/items/000,0.0204
200,/items/000,0.0247
200,/items/000,0.0196
200,/items/000,0.0224
200,/items/000,0.0403
200,/items/000,0.0190
200,/items/000,0.0180
200,/items/000,0.0399
200,/items/000,0.0444
200,/items/000,0.0301
200,/items/000,0.0198
200,/items/000,0.0092
200,/items/000,0.0475
200,/items/000,0.0408
200,/items/000,0.0478
200,/items/000,0.0053
200,/items/000,0.0317
200,/items/000,0.0559
200,/items/000,0.0228
200,/items/000,0.0234
200,/items/000,0.0200
200,/items/000,0.0098
200,/items/000,0.0151
200,/items/000,0.0244
200,/items/000,0.0177
200,/items/edit,0.0103
200,/items/edit,0.0348
200,/items/edit,0.0416
200,/login,0.1146
200,/login,0.1175
200,/login,0.1190
200,/login,0.1254
200,/login,0.1264
200,/login,0.1274
200,/login,0.1302
200,/login,0.1305
200,/login,0.1343
200,/login,0.1367
200,/login,0.1450
200,/login,0.1598
200,/login,0.1680
200,/login,0.1720
200,/login,0.2104
200,/login,0.2144
200,/login,0.2466
200,/login,0.2512
200,/login,0.2513
200,/login,0.2528
200,/login,0.2585
200,/login,0.3103
200,/login,0.3112
200,/login,0.3117
200,/login,0.3783
200,/login,0.3797
200,/login,0.3955
200,/login,0.4019
200,/login,0.4072
200,/login,0.4254
200,/login,0.4468
200,/login,0.4896
200,/login,0.4960
200,/login,0.5046
200,/login,0.5269
200,/login,0.5744
200,/login,0.5795
200,/login,0.5818
200,/login,0.6176
200,/login,0.6186
200,/login,0.6214
200,/login,0.6226
200,/login,0.6250
200,/login,0.6361
200,/login,0.6681
200,/login,0.7215
200,/login,0.7285
200,/new_items.json,1.3282
200,/new_items.json,1.3625
200,/new_items.json,1.3729
200,/new_items.json,1.6821
200,/new_items.json,2.8958
200,/new_items.json,1.1169
200,/new_items.json,1.9185
200,/new_items.json,0.9534
200,/new_items.json,1.3114
200,/new_items.json,1.4302
200,/new_items.json,1.6485
200,/new_items.json,1.1579
200,/new_items.json,1.6240
200,/new_items.json,1.2313
200,/new_items.json,1.3120
200,/new_items.json,1.2270
200,/new_items.json,1.5018
200,/new_items.json,1.2065
200,/new_items.json,1.4158
200,/new_items.json,1.3691
200,/new_items.json,1.4640
200,/new_items.json,1.3964
200,/new_items.json,1.4625
200,/new_items.json,1.1453
200,/new_items.json,1.4003
200,/new_items.json,1.2701
200,/new_items.json,1.2974
200,/new_items.json,1.1827
200,/new_items.json,1.7590
200,/new_items.json,1.8507
200,/new_items.json,1.9377
200,/new_items.json,1.6780
200,/new_items.json,1.9659
200,/new_items.json,1.0826
200,/new_items.json,1.7034
200,/new_items.json,1.5848
200,/new_items.json,1.9538
200,/new_items.json,1.1383
200,/new_items.json,1.5043
200,/new_items.json,1.2641
200,/new_items.json,1.4152
200,/new_items.json,1.3532
200,/new_items.json,1.5076
200,/new_items.json,1.5076
200,/new_items.json,1.7316
200,/new_items.json,1.5597
200,/new_items.json,1.5883
200,/new_items.json,1.6377
200,/new_items.json,1.7656
200,/new_items.json,1.6341
200,/new_items.json,1.8082
200,/new_items.json,1.7907
200,/new_items.json,2.0297
200,/new_items.json,2.0761
200,/new_items.json,2.4207
200,/new_items.json,2.0039
200,/new_items.json,2.3102
200,/new_items.json,2.3071
200,/new_items.json,2.6213
200,/new_items.json,1.9538
200,/new_items.json,2.7261
200,/new_items.json,1.4479
200,/new_items.json,1.9741
200,/new_items.json,3.0487
200,/new_items/000,0.4006
200,/new_items/000,0.8082
200,/new_items/000,0.8408
200,/new_items/000,1.0957
200,/new_items/000,1.1754
200,/new_items/000,2.0275
200,/new_items/000,0.6865
200,/new_items/000,1.7452
200,/new_items/000,0.9322
200,/new_items/000,0.6376
200,/new_items/000,0.8563
200,/new_items/000,0.9735
200,/new_items/000,1.6340
200,/new_items/000,0.8827
200,/new_items/000,0.8199
200,/new_items/000,1.5767
200,/new_items/000,0.8554
200,/new_items/000,0.8698
200,/new_items/000,0.7194
200,/new_items/000,0.8497
200,/new_items/000,0.6871
200,/new_items/000,0.7234
200,/new_items/000,0.8293
200,/new_items/000,0.6793
200,/new_items/000,0.6560
200,/new_items/000,0.7874
200,/new_items/000,1.1432
200,/new_items/000,0.6249
200,/new_items/000,0.8377
200,/new_items/000,1.2444
200,/new_items/000,0.7053
200,/new_items/000,0.7008
200,/new_items/000,0.9271
200,/new_items/000,0.7409
200,/new_items/000,1.0522
200,/new_items/000,0.9935
200,/new_items/000,0.9315
200,/new_items/000,1.0230
200,/new_items/000,0.9676
200,/new_items/000,0.9138
200,/new_items/000,1.0513
200,/new_items/000,1.0598
200,/new_items/000,1.1903
200,/new_items/000,1.0357
200,/new_items/000,1.0016
200,/new_items/000,1.1681
200,/new_items/000,1.4361
200,/new_items/000,0.9967
200,/new_items/000,1.0387
200,/new_items/000,1.1759
200,/new_items/000,1.1659
200,/new_items/000,1.5065
200,/new_items/000,1.4348
200,/new_items/000,0.9317
200,/new_items/000,0.9629
200,/new_items/000,1.1799
200,/new_items/000,1.1851
200,/new_items/000,1.4810
200,/new_items/000,1.7031
200,/new_items/000,1.0634
200,/new_items/000,0.9109
200,/new_items/000,1.1884
200,/new_items/000,1.1366
200,/new_items/000,1.5914
200,/new_items/000,1.6051
200,/new_items/000,1.2615
200,/new_items/000,1.0718
200,/new_items/000,1.1102
200,/new_items/000,1.3517
200,/new_items/000,1.5914
200,/new_items/000,1.8843
200,/new_items/000,1.1896
200,/new_items/000,1.0942
200,/new_items/000,1.4246
200,/new_items/000,1.1887
200,/new_items/000,1.9366
200,/new_items/000,1.7410
200,/new_items/000,1.0217
200,/new_items/000,0.2309
200,/new_items/000,1.1126
200,/new_items/000,1.3481
200,/new_items/000,1.3620
200,/new_items/000,1.9227
200,/new_items/000,1.3812
200,/new_items/000,1.3962
200,/new_items/000,1.5819
200,/new_items/000,2.1663
200,/new_items/000,1.0674
200,/new_items/000,1.9238
200,/new_items/000,1.1041
200,/new_items/000,1.1139
200,/new_items/000,0.8830
200,/new_items/000,1.1336
200,/new_items/000,1.1139
200,/new_items/000,1.2412
200,/new_items/000,1.2582
200,/new_items/000,1.3076
200,/new_items/000,1.3095
200,/new_items/000,1.6099
200,/new_items/000,1.1594
200,/new_items/000,1.3028
200,/new_items/000,1.4611
200,/new_items/000,1.6454
200,/new_items/000,1.5076
200,/new_items/000,1.6018
200,/new_items/000,1.9605
200,/new_items/000,0.5051
200,/new_items/000,0.7362
200,/new_items/000,1.0192
200,/new_items/000,1.2836
200,/new_items/000,1.4907
200,/new_items/000,1.5119
200,/new_items/000,1.6724
200,/new_items/000,1.8286
200,/new_items/000,1.1518
200,/new_items/000,1.0823
200,/new_items/000,1.7883
200,/new_items/000,1.1773
200,/new_items/000,0.5932
200,/new_items/000,1.0971
200,/new_items/000,1.1803
200,/new_items/000,1.0445
200,/new_items/000,0.8798
200,/new_items/000,1.1019
200,/new_items/000,1.8919
200,/new_items/000,1.9939
200,/new_items/000,1.6867
200,/new_items/000,1.0924
200,/new_items/000,1.5903
200,/new_items/000,1.3677
200,/new_items/000,1.0917
200,/new_items/000,1.1209
200,/new_items/000,1.5236
200,/new_items/000,1.2090
200,/new_items/000,0.5904
200,/new_items/000,1.2872
200,/new_items/000,1.5931
200,/new_items/000,0.5542
200,/new_items/000,1.0466
200,/new_items/000,1.5381
200,/new_items/000,1.1612
200,/new_items/000,1.1866
200,/new_items/000,1.7451
200,/new_items/000,1.0774
200,/new_items/000,1.1513
200,/new_items/000,1.6902
200,/new_items/000,0.7972
200,/new_items/000,1.0982
200,/new_items/000,2.1782
200,/new_items/000,0.8052
200,/new_items/000,1.0975
200,/new_items/000,1.8849
200,/new_items/000,1.0537
200,/new_items/000,1.3237
200,/new_items/000,2.4584
200,/new_items/000,1.3948
200,/new_items/000,1.6611
200,/new_items/000,1.9161
200,/new_items/000,1.0797
200,/new_items/000,1.8651
200,/new_items/000,2.6637
200,/new_items/000,1.6702
200,/new_items/000,0.9801
200,/new_items/000,1.1630
200,/new_items/000,1.2570
200,/new_items/000,2.9560
200,/new_items/000,1.4304
200,/new_items/000,0.8950
200,/new_items/000,1.6987
200,/new_items/000,1.7212
200,/new_items/000,0.8935
200,/new_items/000,1.4267
200,/new_items/000,1.8131
200,/new_items/000,1.3307
200,/new_items/000,1.4546
200,/new_items/000,2.0838
200,/new_items/000,0.7979
200,/new_items/000,1.2857
200,/new_items/000,1.7109
200,/new_items/000,0.7870
200,/new_items/000,1.0684
200,/new_items/000,2.3540
200,/new_items/000,1.1421
200,/new_items/000,1.4046
200,/new_items/000,1.5269
200,/new_items/000,1.1531
200,/new_items/000,1.4173
200,/new_items/000,2.6495
200,/new_items/000,0.8124
200,/new_items/000,1.1532
200,/new_items/000,0.8964
200,/new_items/000,1.7228
200,/new_items/000,0.7666
200,/new_items/000,1.1028
200,/new_items/000,0.8814
200,/new_items/000,1.0047
200,/new_items/000,1.2364
200,/new_items/000,1.2947
200,/new_items/000,1.4152
200,/new_items/000,1.6847
200,/new_items/000,2.0504
200,/new_items/000,2.0769
200,/new_items/000,2.1140
200,/new_items/000,1.4872
200,/new_items/000,1.4061
200,/new_items/000,1.0146
200,/new_items/000,1.6281
200,/new_items/000,1.2082
200,/new_items/000,1.1004
200,/new_items/000,1.2733
200,/new_items/000,1.2609
200,/new_items/000,1.0006
200,/new_items/000,1.2424
200,/new_items/000,1.8925
200,/new_items/000,1.7507
200,/new_items/000,1.5752
200,/new_items/000,1.8476
200,/new_items/000,1.0897
200,/new_items/000,1.2776
200,/new_items/000,1.2122
200,/new_items/000,1.3056
200,/new_items/000,1.5849
200,/new_items/000,1.4037
200,/new_items/000,1.7237
200,/new_items/000,1.6284
200,/new_items/000,2.0671
200,/new_items/000,2.1352
200,/new_items/000,1.8895
200,/new_items/000,2.6297
200,/new_items/000,0.6502
200,/new_items/000,1.5958
200,/new_items/000,0.6375
200,/new_items/000,0.7798
200,/new_items/000,2.5849
200,/new_items/000,0.7511
200,/new_items/000,1.5768
200,/new_items/000,1.6347
200,/new_items/000,1.8950
200,/new_items/000,1.6081
200,/new_items/000,1.0390
200,/new_items/000,1.1015
200,/new_items/000,1.6453
200,/new_items/000,1.3843
200,/new_items/000,1.9638
200,/new_items/000,1.6122
200,/new_items/000,0.9156
200,/new_items/000,1.1255
200,/new_items/000,1.1563
200,/new_items/000,1.1853
200,/new_items/000,1.6121
200,/new_items/000,1.6727
200,/new_items/000,1.8212
200,/new_items/000,1.8718
200,/new_items/000,1.9128
200,/new_items/000,1.3233
200,/new_items/000,2.2296
200,/new_items/000,1.9765
200,/new_items/000,1.9329
200,/new_items/000,2.0833
200,/new_items/000,1.3797
200,/new_items/000,1.9634
200,/new_items/000,1.7193
200,/new_items/000,1.1035
200,/new_items/000,1.4154
200,/new_items/000,1.2342
200,/new_items/000,1.3953
200,/reports.json,0.0152
200,/sell,0.0173
200,/sell,0.0248
200,/sell,0.0263
200,/sell,0.0280
200,/sell,0.0302
200,/sell,0.0442
200,/sell,0.0466
200,/sell,0.0470
200,/sell,0.0688
200,/sell,0.0756
200,/sell,0.1182
200,/sell,0.1994
200,/sell,0.2591
200,/sell,0.3406
200,/sell,0.4607
200,/sell,0.4773
200,/sell,0.5037
200,/sell,0.6579
200,/sell,0.7151
200,/sell,0.7348
200,/settings,0.0100
200,/settings,0.0105
200,/settings,0.0115
200,/settings,0.0120
200,/settings,0.0128
200,/settings,0.0132
200,/settings,0.0138
200,/settings,0.0140
200,/settings,0.0171
200,/settings,0.0175
200,/settings,0.0175
200,/settings,0.0180
200,/settings,0.0207
200,/settings,0.0242
200,/settings,0.0285
200,/settings,0.0323
200,/settings,0.0355
200,/settings,0.0431
200,/settings,0.0488
200,/settings,0.0535
200,/settings,0.0565
200,/settings,0.0695
200,/settings,0.0762
200,/settings,0.0886
200,/settings,0.1051
200,/settings,0.1088
200,/settings,0.1141
200,/settings,0.1354
200,/settings,0.1417
200,/settings,0.1595
200,/settings,0.1643
200,/settings,0.1690
200,/settings,0.1840
200,/settings,0.2066
200,/settings,0.2123
200,/settings,0.2260
200,/settings,0.2523
200,/settings,0.2651
200,/settings,0.2724
200,/settings,0.2857
200,/settings,0.3006
200,/settings,0.3615
200,/settings,0.4597
200,/settings,0.4611
200,/settings,0.5155
200,/settings,0.5229
200,/settings,0.6190
200,/ship,0.0404
200,/ship,0.0560
200,/ship,0.1552
200,/ship,0.8513
200,/ship,0.8840
200,/ship,0.8905
200,/ship,0.8913
200,/ship,1.0029
200,/ship,1.0126
200,/ship_done,0.0119
200,/ship_done,0.0213
200,/ship_done,0.0275
200,/ship_done,0.8221
200,/ship_done,0.8372
200,/ship_done,0.8458
200,/ship_done,0.8527
200,/ship_done,0.8750
200,/ship_done,0.8817
200,/static/css/main.19393e92.chunk.css,0.0541
200,/static/js/2.ff6e1067.chunk.js,0.7840
200,/static/js/main.babc3d4d.chunk.js,0.2122
200,/static/js/runtime~main.a8a9905a.js,0.3071
200,/transactions/15009.png,0.0081
200,/transactions/15010.png,0.0106
200,/transactions/15011.png,0.0043
200,/transactions/15012.png,0.0236
200,/transactions/15013.png,0.0456
200,/transactions/15014.png,0.0229
200,/transactions/15015.png,0.0319
200,/transactions/15016.png,0.0263
200,/transactions/15018.png,0.0063
200,/upload/someimage.jpg,0.0285
200,/upload/someimage.jpg,0.0222
200,/upload/someimage.jpg,0.0274
200,/upload/someimage.jpg,0.0225
200,/upload/someimage.jpg,0.0224
200,/upload/someimage.jpg,0.0285
200,/upload/someimage.jpg,0.0240
200,/upload/someimage.jpg,0.0273
200,/upload/someimage.jpg,0.0184
200,/upload/someimage.jpg,0.0205
200,/upload/someimage.jpg,0.0294
200,/upload/someimage.jpg,0.0541
200,/upload/someimage.jpg,0.0644
200,/upload/someimage.jpg,0.0202
200,/upload/someimage.jpg,0.0254
200,/upload/someimage.jpg,0.1196
200,/upload/someimage.jpg,0.0271
200,/upload/someimage.jpg,0.0869
200,/upload/someimage.jpg,0.0219
200,/upload/someimage.jpg,0.0355
200,/upload/someimage.jpg,0.0243
200,/upload/someimage.jpg,0.0206
200,/upload/someimage.jpg,0.0175
200,/upload/someimage.jpg,0.0402
200,/upload/someimage.jpg,0.0385
200,/upload/someimage.jpg,0.0340
200,/upload/someimage.jpg,0.0654
200,/upload/someimage.jpg,0.0498
200,/upload/someimage.jpg,0.0400
200,/upload/someimage.jpg,0.0300
200,/upload/someimage.jpg,0.0252
200,/upload/someimage.jpg,0.0368
200,/upload/someimage.jpg,0.0279
200,/upload/someimage.jpg,0.0347
200,/upload/someimage.jpg,0.0257
200,/upload/someimage.jpg,0.0394
200,/upload/someimage.jpg,0.0324
200,/upload/someimage.jpg,0.0312
200,/upload/someimage.jpg,0.1298
200,/upload/someimage.jpg,0.0360
200,/upload/someimage.jpg,0.0794
200,/upload/someimage.jpg,0.0377
200,/upload/someimage.jpg,0.0303
200,/upload/someimage.jpg,0.0512
200,/upload/someimage.jpg,0.0375
200,/upload/someimage.jpg,0.0224
200,/upload/someimage.jpg,0.0167
200,/upload/someimage.jpg,0.0219
200,/upload/someimage.jpg,0.0279
200,/upload/someimage.jpg,0.0295
200,/upload/someimage.jpg,0.0380
200,/upload/someimage.jpg,0.0339
200,/upload/someimage.jpg,0.0249
200,/users/000,0.6573
200,/users/000,0.6944
200,/users/000,1.1408
200,/users/000,1.1994
200,/users/000,0.3115
200,/users/000,0.8528
200,/users/000,0.7566
200,/users/000,0.8815
200,/users/000,1.1576
200,/users/000,2.0960
200,/users/000,0.2504
200,/users/000,0.3304
200,/users/000,1.1377
200,/users/000,1.2504
200,/users/000,1.6092
200,/users/000,1.3091
200,/users/000,0.6619
200,/users/000,0.6867
200,/users/000,0.6015
200,/users/000,0.8039
200,/users/000,0.8165
200,/users/000,0.8280
200,/users/000,1.6304
200,/users/000,0.6065
200,/users/000,1.2983
200,/users/000,1.0279
200,/users/000,0.5927
200,/users/000,1.3006
200,/users/000,0.8258
200,/users/000,1.0996
200,/users/000,0.2954
200,/users/000,1.2074
200,/users/000,1.2501
200,/users/000,1.2611
200,/users/000,0.2820
200,/users/000,0.9158
200,/users/000,1.2147
200,/users/000,0.1546
200,/users/000,0.7781
200,/users/000,1.6052
200,/users/000,0.1757
200,/users/000,0.7829
200,/users/000,0.9569
200,/users/000,0.7475
200,/users/000,0.8315
200,/users/000,0.9050
200,/users/000,1.1242
200,/users/000,0.4664
200,/users/000,0.7999
200,/users/000,0.9161
200,/users/000,1.0123
200,/users/000,0.7872
200,/users/000,0.2385
200,/users/000,1.2137
200,/users/000,0.6803
200,/users/000,1.6175
200,/users/000,0.2547
200,/users/000,0.6972
200,/users/000,0.9390
200,/users/000,0.6125
200,/users/000,0.8857
200,/users/000,0.5017
200,/users/000,0.6259
200,/users/000,0.6488
200,/users/000,0.8922
200,/users/000,1.2889
200,/users/000,0.4484
200,/users/000,0.9934
200,/users/000,1.8042
200,/users/000,0.4386
200,/users/000,1.7138
200,/users/000,0.6756
200,/users/000,0.7169
200,/users/000,0.8461
200,/users/000,1.0208
200,/users/000,1.3166
200,/users/000,0.4564
200,/users/000,1.2996
200,/users/000,0.6715
200,/users/000,0.6830
200,/users/000,0.8220
200,/users/000,0.9598
200,/users/000,0.9197
200,/users/000,1.0958
200,/users/000,0.3931
200,/users/000,0.8362
200,/users/000,1.1747
200,/users/000,0.2667
200,/users/000,1.1983
200,/users/000,1.1664
200,/users/000,0.8178
200,/users/000,1.9821
200,/users/000,0.3833
200,/users/000,1.3130
200,/users/000,0.2694
200,/users/000,0.7280
200,/users/000,1.4693
200,/users/000,2.0020
200,/users/000,0.2913
200,/users/000,0.4460
200,/users/000,1.3277
200,/users/000,1.5178
200,/users/000,1.0206
200,/users/000,0.1315
200,/users/000,1.3518
200,/users/000,2.2746
200,/users/000,0.8828
200,/users/000,0.2201
200,/users/000,0.7167
200,/users/000,0.8850
200,/users/000,1.7310
200,/users/000,1.1599
200,/users/000,0.5914
200,/users/000,0.7017
200,/users/000,0.7255
200,/users/000,0.8762
200,/users/000,0.2609
200,/users/000,1.4858
200,/users/000,2.1418
200,/users/000,0.3853
200,/users/000,0.4887
200,/users/000,1.3415
200,/users/000,1.3609
200,/users/000,1.5881
200,/users/000,0.3265
200,/users/000,1.6769
200,/users/000,0.5969
200,/users/000,0.0658
200,/users/000,0.2943
200,/users/transactions.json,0.1031
200,/users/transactions.json,0.1100
200,/users/transactions.json,0.1121
200,/users/transactions.json,0.1129
200,/users/transactions.json,0.1130
200,/users/transactions.json,0.1142
200,/users/transactions.json,0.1166
200,/users/transactions.json,0.1203
200,/users/transactions.json,0.1222
200,/users/transactions.json,0.1247
200,/users/transactions.json,0.2471
200,/users/transactions.json,0.2539
200,/users/transactions.json,0.3013
200,/users/transactions.json,0.3121
200,/users/transactions.json,0.4445
200,/users/transactions.json,0.8057
200,/users/transactions.json,0.8732
200,/users/transactions.json,1.0884
200,/users/transactions.json,1.1554
200,/users/transactions.json,1.3894
200,/users/transactions.json,1.4742
200,/users/transactions.json,1.6582
200,/users/transactions.json,1.6676
200,/users/transactions.json,2.1756
200,/users/transactions.json,2.4712
200,/users/transactions.json,2.5339
200,/users/transactions.json,2.7138
200,/users/transactions.json,2.9010
200,/users/transactions.json,2.9683
200,/users/transactions.json,2.9904
200,/users/transactions.json,3.0255
200,/users/transactions.json,3.0867
200,/users/transactions.json,3.1555
200,/users/transactions.json,3.2166
200,/users/transactions.json,3.2386
200,/users/transactions.json,3.2865
200,/users/transactions.json,3.4151
200,/users/transactions.json,3.5346
200,/users/transactions.json,3.5587
200,/users/transactions.json,3.8330
200,/users/transactions.json,3.8388
200,/users/transactions.json,3.8591
200,/users/transactions.json,3.9075
200,/users/transactions.json,3.9812
200,/users/transactions.json,4.0766
200,/users/transactions.json,4.1224
200,/users/transactions.json,4.1329
200,/users/transactions.json,4.1975
200,/users/transactions.json,4.3040
200,/users/transactions.json,4.4249
200,/users/transactions.json,4.5838
200,/users/transactions.json,4.5919
200,/users/transactions.json,4.8324
200,/users/transactions.json,4.8403
200,/users/transactions.json,4.8922
200,/users/transactions.json,4.8997
200,/users/transactions.json,4.9851
200,/users/transactions.json,4.9956
200,/users/transactions.json,5.2064
200,/users/transactions.json,5.7291
200,/users/transactions.json,6.0144
200,/users/transactions.json,6.1225
200,/users/transactions.json,7.0028
200,/users/transactions.json,7.1579
200,/users/transactions.json,7.2909
200,/users/transactions.json,3.1764
200,/users/transactions.json,3.4633
200,/users/transactions.json,4.6772
200,/users/transactions.json,3.4596
200,/users/transactions.json,2.3542
200,/users/transactions.json,3.8661
200,/users/transactions.json,2.2366
200,/users/transactions.json,0.7585
200,/users/transactions.json,3.4873
200,/users/transactions.json,4.0176
200,/users/transactions.json,0.4981
200,/users/transactions.json,4.2308
200,/users/transactions.json,3.9892
200,/users/transactions.json,2.9702
200,/users/transactions.json,0.1433
200,/users/transactions.json,4.8244
400,/buy,0.0346
400,/buy,1.6607
400,/sell,0.0145
400,/sell,0.0146
400,/sell,0.0289
400,/sell,0.0613
401,/login,0.1113
401,/login,0.1177
401,/login,0.1192
401,/login,0.1237
401,/login,0.1252
401,/login,0.1395
401,/login,0.2131
401,/login,0.4545
403,/buy,0.0103
403,/buy,0.0110
403,/buy,0.0123
403,/buy,0.0143
403,/items/edit,0.0309
403,/items/edit,0.0319
403,/ship,0.0103
403,/ship,0.0304
403,/ship_done,0.0059
403,/ship_done,0.0125
403,/ship_done,0.0145
403,/ship_done,0.8123
403,/transactions/15009.png,0.0080
403,/transactions/15009.png,0.0171
403,/transactions/15018.png,0.0047
403,/transactions/15018.png,0.0146
422,/buy,0.0108
422,/buy,0.0117
422,/sell,0.0290
422,/sell,0.2041
422,/ship,0.0132
422,/ship,0.0276
422,/ship_done,0.0061
422,/ship_done,0.0154
500,/users/transactions.json,1.2927
500,/users/transactions.json,2.5426
500,/users/transactions.json,3.5002
500,/users/transactions.json,4.0969
500,/users/transactions.json,4.3459
500,/users/transactions.json,3.9295
500,/users/transactions.json,3.1921
500,/users/transactions.json,3.9137
500,/users/transactions.json,5.0852
